,City,Cloudiness,Country,Date,Humidity,Lat,Lng,Max Temp,Wind Speed
0,Kapaa,40,US,1552880299,53,22.08,-159.32,23.0,8.2
1,Inverness,76,GB,1552880405,86,57.48,-4.23,2.78,3.6
2,Bluff,8,AU,1552880441,78,-23.58,149.07,29.32,1.95
3,San Vicente,20,SV,1552880424,61,13.64,-88.78,27.0,1.5
4,Cidreira,68,BR,1552880442,91,-30.17,-50.22,22.77,5.95
5,Taoudenni,0,ML,1552880443,21,22.68,-3.98,11.92,1.95
6,Saint George,0,GR,1552879997,93,39.45,22.34,12.22,0.75
7,Rikitea,80,PF,1552880443,100,-23.12,-134.97,25.97,9.6
8,Acapulco,40,MX,1552877040,88,16.86,-99.88,27.0,2.1
9,Mataura,44,NZ,1552880443,62,-46.19,168.86,22.07,4.0
10,Hermanus,56,ZA,1552879852,92,-34.42,19.24,17.22,1.4
11,Jamestown,0,AU,1552880231,85,-33.21,138.6,25.12,1.95
12,Zlobin,75,HR,1552880420,82,45.29,14.65,13.0,6.2
13,Bethel,40,US,1552877760,85,60.79,-161.76,-3.0,4.6
14,Kodiak,90,US,1552880422,38,39.95,-94.76,6.67,2.1
15,Fountain Hills,1,US,1552880187,37,33.61,-111.72,22.0,1.5
16,Hobart,75,AU,1552880356,49,-42.88,147.33,21.67,4.1
17,Cape Town,20,ZA,1552880166,93,-33.93,18.42,21.67,6.2
18,Crestview,75,US,1552880209,71,30.76,-86.57,13.33,2.4
19,New Norfolk,75,AU,1552880415,49,-42.78,147.06,21.67,4.1
20,Bermejo,100,AR,1552880446,99,-22.73,-64.34,19.77,1.45
21,Busselton,48,AU,1552880426,30,-33.64,115.35,31.11,3.75
22,Kloulklubed,90,PW,1552877640,83,7.04,134.26,28.0,2.6
23,Ushuaia,90,AR,1552878000,87,-54.81,-68.31,7.0,9.8
24,Yellowknife,20,CA,1552880293,63,62.45,-114.38,-0.57,2.1
25,Aykhal,32,RU,1552880447,76,65.95,111.51,-18.63,1.8
26,Punta Arenas,0,CL,1552879987,81,-53.16,-70.91,9.0,12.3
27,Bambous Virieux,75,MU,1552880344,94,-20.34,57.76,25.56,1.5
28,Ambon,0,FR,1552880425,86,47.55,-2.56,8.89,4.1
29,Qom,80,IR,1552880448,88,34.64,50.88,6.77,9.35
30,Ribeira Grande,0,PT,1552880448,95,38.52,-28.7,16.27,4.0
31,Atasu,20,KZ,1552880449,80,48.68,71.64,-6.23,6.3
32,Sembakung,40,ID,1552878000,66,3.82,117.25,30.0,3.1
33,Honningsvag,0,NO,1552880449,100,70.98,25.97,-3.73,5.7
34,Nikolskoye,90,RU,1552880435,93,59.7,30.79,2.78,5.0
35,Albany,40,US,1552880225,42,42.65,-73.75,-1.67,2.15
36,Hasaki,20,JP,1552880075,35,35.73,140.83,15.0,4.6
37,Nyurba,48,RU,1552880450,62,63.29,118.35,-12.63,1.7
38,Ponta do Sol,8,BR,1552880450,91,-20.63,-46.0,20.02,1.3
39,Ancud,90,CL,1552878000,87,-41.87,-73.83,10.0,3.2
40,Neiafu,75,TO,1552878000,83,-18.65,-173.98,27.0,1.25
41,Norman Wells,75,CA,1552878000,39,65.28,-126.83,8.0,3.1
42,Griffith,0,AU,1552880417,23,-34.29,146.06,31.0,7.2
43,Lasa,0,CY,1552879823,87,34.92,32.53,11.0,3.6
44,Manggar,68,ID,1552880452,89,-2.88,108.27,29.47,3.25
45,Torbay,90,CA,1552880308,68,47.66,-52.73,-2.78,7.7
46,Guerrero Negro,0,MX,1552880452,72,27.97,-114.04,14.27,3.4
47,Ilulissat,24,GL,1552877400,54,69.22,-51.1,-18.0,6.7
48,Cabra,0,ES,1552880341,81,37.47,-4.43,10.0,1.0
49,Otane,0,NZ,1552879758,62,-39.89,176.62,23.33,1.5
50,Vaini,0,IN,1552878000,31,15.34,74.49,26.0,1.5
51,Makakilo City,75,US,1552879985,47,21.35,-158.09,25.0,5.7
52,Mount Isa,0,AU,1552878000,10,-20.73,139.49,37.0,2.6
53,Den Helder,75,NL,1552880340,81,52.96,4.76,6.11,13.4
54,Puerto Ayora,0,EC,1552879901,92,-0.74,-90.35,24.44,0.89
55,Arraial do Cabo,80,BR,1552880454,96,-22.97,-42.02,26.52,2.85
56,Port Blair,20,IN,1552878000,70,11.67,92.75,30.0,3.6
57,Dikson,88,RU,1552880454,95,73.51,80.55,-2.83,7.65
58,Nishihara,0,JP,1552880407,24,35.74,139.53,16.11,3.6
59,Iqaluit,40,CA,1552879963,68,63.75,-68.52,-28.89,9.3
60,Flin Flon,92,CA,1552880455,72,54.77,-101.88,0.07,3.75
61,Port Keats,0,AU,1552880455,87,-14.25,129.55,32.32,3.25
62,Valdivia,0,CL,1552878000,81,-39.81,-73.25,12.0,3.1
63,Tsaratanana,92,MG,1552880455,97,-16.8,47.65,20.87,1.5
64,Vidim,0,CZ,1552880451,75,50.47,14.53,6.11,7.7
65,Klaksvik,12,FO,1552879200,69,62.23,-6.59,3.0,4.1
66,Talnakh,88,RU,1552880456,88,69.49,88.39,-16.88,2.75
67,Kuching,75,MY,1552878000,70,1.56,110.34,30.0,2.6
68,Tuktoyaktuk,40,CA,1552878000,92,69.44,-133.03,-7.0,4.1
69,Mahebourg,75,MU,1552880344,94,-20.41,57.7,25.56,1.5
70,Erenhot,0,CN,1552880457,33,43.65,111.97,10.22,4.75
71,Amahai,0,ID,1552880457,100,-3.31,129.0,28.77,1.85
72,Homer,40,US,1552880159,65,59.64,-151.54,8.0,4.1
73,College,90,US,1552880446,42,64.86,-147.8,8.0,4.6
74,Ugrinovci,0,RS,1552880105,71,44.88,20.19,10.0,3.6
75,Trairi,12,BR,1552880458,100,-3.28,-39.27,28.47,3.0
76,Hofn,48,IS,1552880458,100,64.25,-15.21,2.47,3.55
77,Romano di Lombardia,75,IT,1552880450,81,45.52,9.75,11.11,8.2
78,Hilo,90,US,1552880437,60,19.71,-155.08,23.0,6.7
79,Hithadhoo,0,MV,1552880459,100,-0.6,73.08,28.47,1.05
80,Mar del Plata,0,AR,1552880459,57,-46.43,-67.52,13.47,11.3
81,Mirnyy,68,RU,1552880459,90,56.57,36.46,0.12,5.65
82,East London,92,ZA,1552880342,100,-33.02,27.91,22.77,4.8
83,Broken Hill,0,AU,1552878000,22,-31.97,141.45,31.0,5.7
84,Gazli,88,UZ,1552880460,35,40.13,63.45,16.87,6.05
85,Cherskiy,20,RU,1552880460,56,68.75,161.3,-24.33,3.45
86,Kahului,40,US,1552880261,50,20.89,-156.47,26.11,6.2
87,Castro,90,CL,1552878000,87,-42.48,-73.76,10.0,3.65
88,Verkhnyaya Inta,68,RU,1552880461,85,65.99,60.32,-4.53,2.65
89,Puri,20,ID,1552878000,74,-7.54,112.45,29.0,2.6
90,Rafaela,24,AR,1552880395,84,-31.25,-61.49,19.44,0.89
91,San Patricio,92,PY,1552880461,97,-26.98,-56.83,20.97,1.15
92,Bathsheba,40,BB,1552878000,74,13.22,-59.52,26.0,6.7
93,Saint Anthony,1,US,1552880424,59,43.97,-111.68,2.22,2.6
94,Coracora,48,PE,1552880462,98,-15.02,-73.78,6.32,0.3
95,Qaanaaq,0,GL,1552880462,98,77.48,-69.36,-34.93,4.0
96,Cahir,36,IE,1552880404,97,52.37,-7.93,7.78,0.45
97,Sumbe,92,AO,1552880462,100,-11.2,13.84,26.62,0.65
98,Arman,36,RU,1552880463,60,59.7,150.17,-14.23,3.9
99,Manaure,0,CO,1552880463,90,11.78,-72.45,25.47,9.7
100,Bilibino,64,RU,1552880463,58,68.06,166.44,-25.33,1.45
101,Aitape,44,PG,1552880463,94,-3.15,142.36,27.22,2.95
102,Beringovskiy,12,RU,1552880464,100,63.05,179.32,-17.33,1.3
103,Lazaro Cardenas,75,MX,1552876860,29,28.39,-105.62,16.0,4.6
104,Arlit,12,NE,1552880464,53,18.74,7.39,20.57,3.15
105,Ribas do Rio Pardo,8,BR,1552880464,86,-20.45,-53.76,23.37,1.2
106,Chokurdakh,36,RU,1552880464,74,70.62,147.9,-23.98,1.95
107,Souillac,0,FR,1552880455,93,45.6,-0.6,5.0,1.0
108,Hazorasp,0,UZ,1552878000,59,41.32,61.08,16.0,8.2
109,Lagoa,0,PT,1552880227,82,37.14,-8.45,13.0,3.6
110,Chapada dos Guimaraes,0,BR,1552878000,88,-15.46,-55.75,28.0,3.6
111,Lavrentiya,8,RU,1552880466,99,65.58,-170.99,-15.98,9.65
112,Cabo San Lucas,75,MX,1552880130,72,22.89,-109.91,21.11,1.0
113,Magdalena,8,BO,1552880466,87,-13.26,-64.05,25.87,2.65
114,Saskylakh,0,RU,1552880467,48,71.97,114.09,-27.03,1.4
115,Abnub,0,EG,1552880467,83,27.27,31.15,5.77,1.3
116,Narsaq,88,GL,1552877400,80,60.91,-46.05,1.0,6.2
117,Otjiwarongo,100,NA,1552880467,54,-20.46,16.65,23.82,1.15
118,Morris,1,US,1552880448,85,41.36,-88.42,2.22,3.1
119,North Myrtle Beach,1,US,1552880343,75,33.83,-78.68,9.44,5.2
120,Butaritari,92,KI,1552880468,100,3.07,172.79,25.12,7.25
121,Georgetown,0,GY,1552878000,94,6.8,-58.16,24.0,2.1
122,Atuona,68,PF,1552880469,100,-9.8,-139.03,28.17,6.8
123,Alice Springs,0,AU,1552878000,9,-23.7,133.88,34.0,4.1
124,Tura,88,IN,1552880469,60,25.52,90.21,21.27,1.25
125,Lamar,1,US,1552879867,48,38.09,-102.62,7.22,4.0
126,Alta,0,NO,1552880107,67,69.97,23.27,-5.0,6.2
127,Coquimbo,0,CL,1552878000,82,-29.95,-71.34,14.0,0.5
128,Chicama,90,PE,1552878000,88,-7.84,-79.15,21.0,4.1
129,Kamenka,88,RU,1552880471,94,53.19,44.05,-1.23,2.05
130,Cururupu,100,BR,1552880471,95,-1.82,-44.87,25.27,1.35
131,Capitan Bado,80,PY,1552880471,85,-23.27,-55.53,24.37,1.85
132,Padang,20,ID,1552878000,70,-0.92,100.36,31.0,2.1
133,Port Alfred,88,ZA,1552880406,97,-33.59,26.89,20.56,4.55
134,Seddon,20,NZ,1552879805,75,-41.67,174.07,21.11,0.89
135,Nemuro,20,JP,1552878000,55,43.32,145.57,4.0,5.1
136,Flinders,75,AU,1552880402,73,-34.58,150.85,22.22,6.2
137,Port Elizabeth,1,US,1552880472,80,39.31,-74.98,3.33,1.3
138,Airai,68,TL,1552880473,76,-8.93,125.41,25.87,0.85
139,Vila Velha,0,BR,1552880290,83,-3.71,-38.6,27.0,0.5
140,Praia da Vitoria,20,PT,1552879835,100,38.73,-27.07,14.44,2.95
141,Waipawa,0,NZ,1552879758,62,-39.94,176.59,23.33,2.8
142,Khatanga,68,RU,1552880474,73,71.98,102.47,-17.48,4.5
143,Upernavik,20,GL,1552880474,100,72.79,-56.15,-24.28,4.2
144,Tromso,0,NO,1552877400,62,69.65,18.96,-6.0,7.7
145,Charters Towers,32,AU,1552880475,80,-20.07,146.27,28.62,4.75
146,Concarneau,0,FR,1552880425,81,47.88,-3.92,7.78,4.6
147,Calbuco,40,CL,1552878000,93,-41.77,-73.13,10.0,1.5
148,Mukono,0,UG,1552880476,88,0.37,32.73,18.42,0.85
149,Baghdad,0,IQ,1552878000,61,33.3,44.38,10.0,4.6
150,Paamiut,56,GL,1552880476,89,61.99,-49.67,0.42,11.45
151,Longyearbyen,75,NO,1552877400,67,78.22,15.63,-7.0,9.8
152,Anori,44,BR,1552880476,96,-3.74,-61.66,24.27,1.2
153,Khandbari,92,NP,1552880477,80,27.38,87.21,0.97,0.05
154,Rock Falls,1,US,1552880469,100,43.21,-93.08,0.0,3.1
155,Sao Fidelis,88,BR,1552880423,98,-21.65,-41.75,22.17,0.75
156,New Milford,1,US,1552880428,74,40.94,-74.02,3.0,3.65
157,Ust-Kut,48,RU,1552880477,59,56.78,105.75,-6.18,2.7
158,Bredasdorp,32,ZA,1552878000,88,-34.53,20.04,21.0,1.5
159,Rusape,92,ZW,1552880478,97,-18.53,32.12,16.17,1.0
160,Santa Cruz,1,US,1552880465,67,36.97,-122.03,19.44,2.6
161,Biltine,32,TD,1552880479,18,14.53,20.93,21.37,6.3
162,Ewa Beach,75,US,1552879985,47,21.32,-158.01,25.0,5.7
163,Tiksi,24,RU,1552880479,81,71.64,128.87,-25.23,1.85
164,Swift Current,1,CA,1552878000,69,50.29,-107.8,0.0,6.2
165,Poronaysk,56,RU,1552880480,74,49.22,143.1,2.02,4.25
166,Nanortalik,68,GL,1552880480,94,60.14,-45.24,0.02,6.8
167,Kruisfontein,80,ZA,1552880480,87,-34.0,24.73,20.07,5.35
168,Atambua,80,ID,1552880480,100,-9.11,124.89,24.92,1.75
169,Barrow,0,AR,1552880481,80,-38.31,-60.23,17.77,3.95
170,Lufilufi,40,WS,1552878000,79,-13.87,-171.6,30.0,1.5
171,Weyburn,0,CA,1552880182,83,49.67,-103.85,-3.33,2.68
172,Vadso,0,NO,1552877400,73,70.07,29.75,-4.0,6.7
173,Merrill,1,US,1552880407,42,42.03,-121.6,8.0,4.1
174,Aksarka,92,RU,1552880481,84,66.56,67.8,-10.63,4.8
175,Yar-Sale,64,RU,1552880482,84,66.83,70.83,-11.48,5.55
176,Touros,20,BR,1552878000,94,-5.2,-35.46,26.0,1.5
177,Sooke,40,CA,1552880477,76,48.37,-123.73,11.67,0.95
178,Tomatlan,32,MX,1552880482,78,19.93,-105.25,20.97,1.5
179,Novyy Urengoy,56,RU,1552880483,62,66.08,76.63,-19.48,1.4
180,Sioux Lookout,90,CA,1552878000,79,50.1,-91.92,-2.0,3.1
181,Dongying,92,CN,1552880483,41,37.43,118.67,18.87,6.2
182,Hailey,5,US,1552879829,69,43.52,-114.32,1.0,2.6
183,Maralal,32,KE,1552880483,83,1.1,36.7,11.82,1.35
184,Ostersund,88,SE,1552879305,92,63.18,14.64,-3.33,5.7
185,Isangel,75,VU,1552878000,62,-19.55,169.27,31.0,4.1
186,Tolaga Bay,8,NZ,1552880484,77,-38.37,178.3,18.67,2.75
187,Bandarbeyla,92,SO,1552880484,100,9.49,50.81,25.07,1.95
188,Itoman,75,JP,1552878000,64,26.12,127.67,21.67,4.1
189,Grootfontein,20,NA,1552878000,63,-19.56,18.1,19.0,1.4
190,Conceicao do Araguaia,32,BR,1552880485,91,-8.26,-49.26,24.97,3.0
191,Namatanai,24,PG,1552880485,92,-3.66,152.44,29.67,3.15
192,Balkanabat,88,TM,1552880485,64,39.51,54.36,12.32,2.2
193,San Policarpo,80,PH,1552880486,87,12.18,125.51,27.02,8.4
194,Ambilobe,0,MG,1552880486,92,-13.19,49.05,20.82,1.35
195,Kavieng,36,PG,1552880486,100,-2.57,150.8,28.02,1.85
196,Victoria,75,BN,1552878000,58,5.28,115.24,31.0,2.1
197,Pevek,80,RU,1552880486,90,69.7,170.27,-21.88,7.9
198,Tayga,80,RU,1552880487,87,64.77,43.49,-0.88,3.1
199,Abu Samrah,12,SY,1552880487,79,35.3,37.18,7.87,1.6
200,Kontagora,0,NG,1552880487,44,10.4,5.47,21.22,2.65
201,Zurrieq,0,MT,1552880153,100,35.83,14.47,13.0,3.6
202,Itarema,8,BR,1552880487,94,-2.92,-39.92,24.32,1.5
203,Greenville,1,US,1552880178,39,34.85,-82.4,10.0,2.3
204,Margate,75,AU,1552880476,49,-43.03,147.26,21.67,4.1
205,Samarai,64,PG,1552880488,100,-10.62,150.67,27.22,3.4
206,San Rafael,0,AR,1552880259,85,-34.61,-68.33,11.92,1.6
207,Yulara,24,AU,1552878000,7,-25.24,130.99,36.0,5.7
208,Taltal,0,CL,1552880489,92,-25.41,-70.49,13.77,0.65
209,Chuy,92,UY,1552880489,97,-33.69,-53.46,21.22,7.1
210,Nchelenge,76,ZM,1552880490,86,-9.35,28.74,19.97,0.95
211,Sheregesh,56,RU,1552880490,76,52.93,87.98,-7.73,1.4
212,Muisne,88,EC,1552880490,88,0.61,-80.02,23.32,1.5
213,Moussoro,0,TD,1552880490,16,13.64,16.49,21.77,5.35
214,Kampot,40,KH,1552878000,62,10.62,104.18,31.0,6.2
215,Egvekinot,64,RU,1552880216,83,66.32,-179.17,-16.83,1.35
216,Avera,1,US,1552880442,65,33.19,-82.53,8.33,1.2
217,Sao Gabriel da Cachoeira,12,BR,1552880491,94,-0.13,-67.09,22.67,0.85
218,Altus,1,US,1552879903,61,34.64,-99.33,11.0,3.6
219,Inta,76,RU,1552880491,87,66.04,60.13,-3.28,3.1
220,Kenai,1,US,1552880465,74,60.55,-151.26,8.0,4.1
221,Saint-Georges,68,CA,1552879892,68,46.12,-70.67,-6.67,2.24
222,Simoes,48,BR,1552880492,94,-7.6,-40.82,20.67,1.85
223,Sobolevo,0,RU,1552880492,91,54.43,31.9,-0.03,7.0
224,Vostok,88,RU,1552880493,62,46.45,135.83,3.87,3.05
225,Sri Aman,75,MY,1552878000,79,1.24,111.46,29.0,1.5
226,Nisia Floresta,40,BR,1552878000,88,-6.09,-35.21,27.0,2.6
227,Katsuura,75,JP,1552879271,61,33.93,134.5,11.0,3.1
228,Voznesenye,92,RU,1552880493,90,61.02,35.48,0.97,7.2
229,North Bend,1,US,1552880426,76,43.41,-124.22,13.89,1.5
230,Ontario,1,US,1552880493,24,34.07,-117.65,23.0,1.5
231,Katobu,0,ID,1552880494,80,-4.94,122.53,30.82,1.8
232,Arroyos y Esteros,75,PY,1552878000,100,-25.05,-57.1,22.0,2.1
233,Saint-Philippe,1,CA,1552880412,53,45.36,-73.48,-3.33,3.6
234,Great Yarmouth,36,GB,1552880463,93,52.61,1.73,3.33,4.1
235,Rio Claro,32,BR,1552880495,95,-22.41,-47.56,21.52,1.15
236,Laguna,0,MX,1552880235,50,27.52,-110.01,17.07,1.15
237,Muros,20,ES,1552880472,86,42.77,-9.06,8.33,2.1
238,Kargasok,20,RU,1552880496,85,59.06,80.87,-7.53,1.65
239,San Jeronimo,56,PE,1552880496,100,-13.65,-73.37,4.92,0.95
240,Pisco,0,PE,1552878000,73,-13.71,-76.2,22.0,4.1
241,Kholodnyy,32,RU,1552880496,69,62.72,147.95,-20.13,1.6
242,Fukue,75,JP,1552880044,43,35.03,136.69,15.0,3.1
243,Fortuna,0,ES,1552880145,55,38.18,-1.13,16.0,9.3
244,Kintampo,0,GH,1552880497,89,8.05,-1.73,22.97,2.65
245,Boguchany,36,RU,1552880497,61,58.38,97.46,-5.28,2.1
246,Tupancireta,92,BR,1552880497,96,-29.08,-53.84,19.47,3.1
247,Qazvin,90,IR,1552878000,92,36.28,50.01,4.0,2.1
248,Meulaboh,68,ID,1552880414,100,4.14,96.13,26.87,1.25
249,Plettenberg Bay,24,ZA,1552880498,97,-34.05,23.37,20.82,5.35
250,Povenets,92,RU,1552880498,92,62.85,34.83,0.27,6.45
251,Sao Filipe,12,CV,1552880498,98,14.9,-24.5,21.42,5.3
252,Necochea,0,AR,1552880235,95,-38.55,-58.74,19.44,4.1
253,Tongliao,0,CN,1552880499,48,43.61,122.27,14.52,2.1
254,Baiao,24,BR,1552880499,93,-2.79,-49.67,24.92,1.5
255,Victoria Falls,0,ZW,1552880499,91,-17.93,25.84,17.92,1.85
256,Provideniya,90,RU,1552878000,78,64.42,-173.23,-13.0,5.0
257,Tinos,0,GR,1552879832,93,37.54,25.16,14.0,2.1
258,Winnemucca,1,US,1552879803,42,40.97,-117.74,8.0,1.5
259,Coahuayana,0,MX,1552880500,52,18.62,-100.35,19.67,1.5
260,Cockburn Town,12,TC,1552880308,100,21.46,-71.14,25.12,6.7
261,Nantucket,1,US,1552880418,47,41.28,-70.1,2.78,3.1
262,Navalmoral de la Mata,0,ES,1552880492,68,39.89,-5.54,9.44,4.2
263,Suba,88,CN,1552880501,77,28.73,103.51,13.17,1.2
264,Zinder,80,NE,1552880501,24,13.81,8.99,23.42,4.4
265,Agogo,12,GH,1552880501,93,6.8,-1.08,21.52,1.2
266,Boma,24,NG,1552880501,33,11.23,4.46,24.47,3.55
267,Anadyr,40,RU,1552879987,76,64.73,177.51,-22.78,4.0
268,Manokwari,0,ID,1552880502,92,-0.87,134.08,28.77,2.5
269,Faanui,36,PF,1552880502,100,-16.48,-151.75,29.27,3.6
270,Tasiilaq,92,GL,1552877400,79,65.61,-37.64,-7.0,5.7
271,Ganeasa,0,RO,1552879800,81,44.48,26.28,6.0,1.25
272,Kidal,76,ML,1552880503,31,18.44,1.41,21.82,1.85
273,Saint-Joseph,0,FR,1552880452,32,43.56,6.97,12.0,9.3
274,Ushtobe,68,KZ,1552880504,77,45.25,77.98,0.42,3.2
275,Iturama,20,BR,1552880504,89,-19.73,-50.2,22.87,1.3
276,Buraydah,0,SA,1552878000,75,26.33,43.97,7.0,1.0
277,Srednekolymsk,20,RU,1552880504,41,67.46,153.71,-25.28,1.65
278,Severo-Kurilsk,56,RU,1552880505,98,50.68,156.12,-1.33,4.55
279,Senanga,0,ZM,1552880505,81,-16.1,23.3,17.62,0.95
280,Clyde River,20,CA,1552878600,75,70.47,-68.59,-29.0,8.2
281,Simao,12,CN,1552880505,43,22.76,100.79,24.67,1.3
282,Pavilosta,88,LV,1552877400,93,56.89,21.19,4.0,6.7
283,Sao Joao da Barra,48,BR,1552880423,100,-21.64,-41.05,27.57,1.5
284,Plymouth,48,GB,1552880447,91,50.37,-4.14,7.78,0.45
285,Mogadishu,24,SO,1552880506,99,2.04,45.34,27.57,9.05
286,Port Lincoln,12,AU,1552880506,83,-34.72,135.86,21.12,4.8
287,Barcelos,0,PT,1552880258,75,41.53,-8.62,8.0,3.1
288,Doha,0,QA,1552878000,52,25.29,51.53,19.0,1.0
289,Kologriv,88,RU,1552880507,94,58.83,44.31,-1.13,2.45
290,Augusto Correa,36,BR,1552880507,95,-1.02,-46.63,23.62,1.3
291,Ashtabula,90,US,1552880433,63,41.87,-80.79,0.0,1.4
292,Teguldet,80,RU,1552880507,84,57.31,88.17,-3.83,2.2
293,Qaqortoq,88,GL,1552877400,80,60.72,-46.03,1.0,6.2
294,Kagadi,0,UG,1552880508,100,0.95,30.8,23.22,2.4
295,Karratha,0,AU,1552880220,47,-20.74,116.85,32.92,3.65
296,Petropavlovsk-Kamchatskiy,20,RU,1552878000,50,53.05,158.65,-1.0,1.0
297,Kalutara,0,LK,1552878600,66,6.58,79.96,29.0,2.6
298,Calvinia,0,ZA,1552880509,79,-31.47,19.78,5.37,1.2
299,Vardo,90,US,1552880496,32,39.62,-77.74,5.0,1.3
300,Raudeberg,88,NO,1552880404,90,61.99,5.14,3.33,9.3
301,Abu Dhabi,0,AE,1552878000,40,24.47,54.37,21.0,3.6
302,Chumikan,88,RU,1552880509,80,54.72,135.31,-9.48,4.6
303,Ponoka,20,CA,1552879828,77,52.68,-113.59,1.67,2.1
304,Nome,1,US,1552880470,62,30.04,-94.42,12.22,2.05
305,Sinnamary,88,GF,1552880510,97,5.38,-52.96,25.87,4.85
306,Aklavik,40,CA,1552878000,42,68.22,-135.01,7.0,2.6
307,Verkhnevilyuysk,56,RU,1552880510,64,63.45,120.31,-14.48,1.75
308,Carnarvon,0,ZA,1552880511,80,-30.97,22.13,10.62,1.65
309,Nhulunbuy,40,AU,1552878000,59,-12.18,136.78,32.0,3.1
310,Jalu,0,LY,1552880511,70,29.03,21.55,11.27,1.35
311,Nouakchott,0,MR,1552878000,8,18.08,-15.98,22.0,5.7
312,Thurso,80,GB,1552877400,69,58.6,-3.52,5.0,3.6
313,Gari,48,RU,1552880512,83,59.43,62.35,-5.88,2.5
314,Esperance,20,TT,1552880407,83,10.24,-61.45,25.0,3.1
315,Kungurtug,76,RU,1552880512,66,50.6,97.53,-9.98,3.9
316,Geraldton,75,CA,1552878000,65,49.72,-86.95,-14.0,1.5
317,Saldanha,0,PT,1552880512,61,41.42,-6.55,3.77,5.05
318,Warrnambool,0,AU,1552880227,50,-38.38,142.48,26.11,2.2
319,Carinhanha,0,BR,1552880513,73,-14.3,-43.77,23.77,1.2
320,Grafton,40,AU,1552880297,42,-29.69,152.93,29.0,2.6
321,Ierapetra,0,GR,1552880077,81,35.01,25.74,11.0,3.6
322,Vilyuysk,48,RU,1552880514,59,63.75,121.63,-15.08,1.85
323,Quatre Cocos,75,MU,1552880344,94,-20.21,57.76,25.56,1.5
324,Road Town,90,VG,1552880231,74,18.42,-64.62,26.0,5.7
325,Matara,56,PE,1552880514,100,-13.74,-72.9,4.92,0.95
326,Jinka,8,ET,1552880514,56,5.79,36.57,18.12,0.75
327,Sitka,0,US,1552879826,64,37.17,-99.65,6.11,1.79
328,Sivas,0,TR,1552877400,92,39.75,37.01,-7.78,0.5
329,Thompson,20,CA,1552878000,73,55.74,-97.86,-6.0,1.0
330,Show Low,90,US,1552880136,75,34.25,-110.03,12.0,3.6
331,Saint-Louis,12,CH,1552880511,80,47.59,7.56,4.0,3.6
332,Hambantota,20,LK,1552878600,88,6.12,81.12,27.0,4.1
333,Shu,32,KZ,1552880516,57,43.6,73.76,7.12,4.6
334,Nouadhibou,12,MR,1552878000,72,20.93,-17.03,19.0,8.2
335,Portland,20,US,1552880265,37,45.52,-122.67,15.0,5.7
336,Belyy Yar,0,RU,1552878000,57,53.6,91.39,-5.0,5.0
337,Berlevag,0,NO,1552880517,100,70.86,29.09,-5.63,4.35
338,Preobrazheniye,0,RU,1552880517,53,42.9,133.91,7.87,2.65
339,Telemaco Borba,0,BR,1552880517,93,-24.32,-50.62,19.62,2.2
340,Gwadar,12,PK,1552880517,90,25.12,62.33,20.37,1.85
341,Langsa,0,ID,1552880431,50,4.47,97.97,30.02,0.9
342,Acucena,76,BR,1552880518,90,-19.07,-42.55,22.77,1.05
343,Tocopilla,56,CL,1552880518,96,-22.09,-70.2,16.52,2.2
344,Mehamn,0,NO,1552880518,78,71.03,27.85,-8.38,4.0
345,Half Moon Bay,75,US,1552880505,52,37.46,-122.43,19.0,1.5
346,Christchurch,0,NZ,1552880480,82,-43.53,172.64,18.33,3.6
347,Taganak,75,PH,1552878000,66,6.08,118.3,32.0,4.6
348,Avarua,12,CK,1552878000,83,-21.21,-159.78,28.0,7.2
349,Buhe,0,CN,1552880476,69,30.29,112.23,16.11,1.75
350,Tias,20,ES,1552878000,82,28.96,-13.65,17.0,5.7
351,Bomet,32,KE,1552880520,93,-0.78,35.34,10.47,2.6
352,Fayetteville,1,US,1552880265,52,36.06,-94.16,10.0,1.4
353,Dunedin,92,NZ,1552880317,75,-45.87,170.5,18.33,4.02
354,Tezu,80,IN,1552880520,63,27.93,96.16,15.87,0.1
355,Kaitangata,8,NZ,1552880521,74,-46.28,169.85,20.07,2.65
356,Zaragoza,0,ES,1552880421,68,41.65,-0.88,7.0,12.3
357,Nuevo Progreso,90,US,1552880478,51,26.05,-97.95,15.0,2.95
358,Cehegin,0,ES,1552880293,54,38.09,-1.8,13.89,1.55
359,Mana,0,RS,1552878000,70,43.52,20.24,9.0,0.5
360,Werda,40,DE,1552880502,80,50.44,12.3,3.33,3.6
361,Pitimbu,20,BR,1552878000,94,-7.47,-34.81,26.0,1.0
362,Gboko,8,NG,1552880522,92,7.32,9.0,24.37,3.1
363,Vangaindrano,32,MG,1552880523,89,-23.35,47.6,22.37,1.05
364,Cayenne,0,GF,1552878000,94,4.94,-52.33,22.0,3.3
365,Buala,88,SB,1552880523,80,-8.15,159.59,30.72,2.2
366,Byron Bay,75,AU,1552880428,100,-28.65,153.62,29.44,5.1
367,Saint-Augustin,75,FR,1552880349,93,44.83,-0.61,5.0,2.1
368,Synya,92,RU,1552880524,90,65.37,58.04,-3.73,3.8
369,Sola,0,NO,1552880403,69,58.89,5.65,5.0,10.3
370,Sokoto,24,NG,1552880524,26,13.06,5.24,23.92,3.7
371,Shimoda,20,JP,1552879373,37,34.7,138.93,13.0,5.1
372,Havre-Saint-Pierre,40,CA,1552878000,61,50.23,-63.6,-11.0,8.7
373,Rocha,100,UY,1552880525,97,-34.48,-54.34,19.37,3.35
374,Grindavik,75,IS,1552879905,100,63.84,-22.43,4.44,6.2
375,Parva,0,RO,1552880474,85,47.4,24.54,-5.0,0.85
376,Oranjemund,8,ZA,1552880521,99,-28.55,16.43,17.42,4.75
377,Rosarito,40,CO,1552878000,94,4.91,-75.23,22.0,1.0
378,Kalaleh,90,IR,1552878000,87,37.38,55.49,9.0,12.9
379,Morant Bay,20,JM,1552878000,65,17.88,-76.41,26.0,2.6
380,Sorong,0,ID,1552880526,100,-0.86,131.25,26.87,2.65
381,Bucerias,75,MX,1552880409,88,20.76,-105.33,23.0,1.0
382,Hervey Bay,40,AU,1552880408,58,-25.3,152.85,32.22,4.6
383,Ducheng,68,CN,1552880527,88,30.54,114.9,15.52,3.1
384,Russell,0,AR,1552878000,82,-33.01,-68.8,17.0,1.0
385,Carutapera,68,BR,1552880527,96,-1.2,-46.02,24.62,1.85
386,Dom Pedrito,80,BR,1552880237,95,-30.98,-54.67,20.77,3.25
387,Muzhi,24,RU,1552880528,71,65.4,64.7,-10.48,3.9
388,Gat,0,SN,1552878000,77,14.69,-16.54,20.0,5.7
389,Moba,56,CD,1552880528,95,-7.04,29.77,20.32,0.05
390,Havelock,1,US,1552880409,81,34.88,-76.9,10.0,2.6
391,Loudi,24,CN,1552880529,100,27.73,112.0,14.37,1.8
392,Namibe,8,AO,1552880529,100,-15.19,12.15,25.07,1.2
393,Voroshnevo,90,RU,1552879842,100,51.65,36.02,-2.22,5.0
394,Meiganga,12,CM,1552880529,72,6.52,14.29,18.07,1.05
395,Tessalit,64,ML,1552880529,29,20.2,1.01,18.52,1.25
396,Broumov,0,PL,1552880485,75,50.59,16.33,6.0,3.1
397,Duluth,1,US,1552880426,79,46.77,-92.13,-0.57,2.6
398,Morondava,48,MG,1552880530,100,-20.3,44.28,23.87,1.2
399,Kavaratti,0,IN,1552880530,100,10.57,72.64,27.77,2.2
400,Stokmarknes,20,NO,1552879862,59,68.56,14.91,-2.22,4.47
401,Lakatoro,80,VU,1552880531,83,-16.11,167.42,29.27,3.65
402,Kudahuvadhoo,56,MV,1552880531,100,2.67,72.89,28.67,3.15
403,Evensk,32,RU,1552880531,100,61.92,159.24,-13.23,3.3
404,Igarka,8,RU,1552880531,59,67.47,86.57,-21.48,1.5
405,Batemans Bay,92,AU,1552880402,85,-35.71,150.18,24.44,2.15
406,Richards Bay,8,ZA,1552880532,85,-28.77,32.06,21.77,2.65
407,Xining,0,CN,1552880476,25,36.62,101.77,3.62,1.4
408,Kalakamati,0,BW,1552880532,91,-20.59,27.31,13.77,1.3
409,Pocone,8,BR,1552880532,90,-16.26,-56.62,24.87,1.6
410,Kratovo,0,MK,1552878000,68,42.08,22.18,3.0,0.5
411,Oktyabrskiy,90,RU,1552880433,94,55.61,37.97,2.78,3.0
412,Mathbaria,64,BD,1552880533,99,22.29,89.96,21.02,6.05
413,Tallahassee,1,US,1552880470,87,30.44,-84.28,13.0,2.5
414,Nuuk,88,GL,1552877400,100,64.17,-51.74,-7.0,7.7
415,Damara,20,CF,1552878000,94,4.96,18.7,24.0,1.0
416,Gao,48,ML,1552880534,38,16.28,-0.04,23.02,1.6
417,Bhigvan,0,IN,1552880534,28,18.32,74.77,22.97,2.05
418,Saint-Pierre,75,FR,1552880524,100,48.95,4.24,4.0,5.7
419,Changying,0,CN,1552880535,50,52.87,123.32,-2.43,4.1
420,Prainha,44,BR,1552880535,78,-1.8,-53.48,26.47,2.45
421,Shinjo,20,JP,1552878000,36,38.77,140.31,9.0,2.1
422,Wonthaggi,80,AU,1552880520,64,-38.6,145.59,25.56,3.58
423,Pascagoula,1,US,1552880531,70,30.37,-88.56,14.44,2.1
424,Bronkhorstspruit,0,ZA,1552880164,63,-25.81,28.74,18.89,0.45
425,Leningradskiy,80,RU,1552880537,89,69.38,178.42,-18.38,12.85
426,Libenge,36,CD,1552880537,89,3.65,18.64,23.27,0.95
427,Salinopolis,32,BR,1552880537,100,-0.61,-47.36,25.62,3.55
428,Inuvik,40,CA,1552878000,42,68.36,-133.71,7.0,2.6
429,Opuwo,24,NA,1552880538,59,-18.06,13.84,18.02,1.75
430,Haines Junction,76,CA,1552880538,91,60.75,-137.51,1.72,1.95
431,Serpa,40,PT,1552878000,93,37.94,-7.6,6.0,3.1
432,Sao Jose da Coroa Grande,76,BR,1552880538,91,-8.9,-35.15,26.37,1.9
433,Ostrovnoy,88,RU,1552880538,90,68.05,39.51,-3.03,4.9
434,Boa Vista,0,BR,1552878000,51,2.82,-60.67,29.0,4.6
435,Jawhar,0,IN,1552880539,60,19.91,73.23,22.77,1.4
436,Beira,20,ES,1552880472,93,43.2,-8.36,7.22,1.0
437,Husavik,56,CA,1552880442,86,50.56,-96.99,-1.11,1.65
438,Oistins,40,BB,1552878000,74,13.07,-59.53,26.0,6.7
439,Visby,36,SE,1552879803,80,57.64,18.3,4.44,11.3
440,Grand Gaube,75,MU,1552880344,94,-20.01,57.66,25.56,1.5
441,Platanos,1,GR,1552880442,100,35.47,23.6,12.22,3.6
442,Alamosa,1,US,1552880312,41,37.47,-105.87,4.0,9.3
443,Luebo,8,CD,1552880541,95,-5.35,21.42,22.52,0.95
444,Oksfjord,0,NO,1552880407,67,70.24,22.35,-5.0,6.2
445,Salalah,20,OM,1552877400,78,17.01,54.1,25.0,1.0
446,Harper,1,US,1552880421,43,30.3,-99.24,11.11,2.6
447,Shakawe,0,BW,1552880542,50,-18.36,21.84,19.52,2.65
448,Japura,0,ID,1552880542,67,-0.42,102.29,29.62,1.3
449,Adrar,0,DZ,1552878000,23,27.87,-0.29,16.0,4.6
450,Kalat,92,PK,1552880542,82,29.03,66.58,5.82,2.3
451,Puerto del Rosario,20,ES,1552878000,77,28.5,-13.86,17.0,7.2
452,Pangody,56,RU,1552880543,66,65.85,74.49,-16.23,4.35
453,Buzmeyin,90,TM,1552878000,82,38.05,58.21,13.0,6.2
454,Deoband,0,IN,1552880543,72,29.69,77.68,18.67,2.05
455,Ulladulla,75,AU,1552879858,73,-35.36,150.48,22.22,6.2
456,Basoko,20,CD,1552880544,97,1.23,23.61,22.02,2.0
457,Komsomolskiy,76,RU,1552880349,89,67.55,63.78,-8.38,5.2
458,Hadejia,24,NG,1552880544,21,12.45,10.04,23.12,4.45
459,Qasigiannguit,24,GL,1552877400,54,68.82,-51.19,-18.0,6.7
460,Jining,20,CN,1552880544,46,35.41,116.58,19.12,5.55
461,Brae,20,GB,1552877400,69,60.4,-1.35,5.0,5.7
462,Cuenca,56,ES,1552880407,73,40.07,-2.13,5.56,2.68
463,Swellendam,76,ZA,1552878000,88,-34.02,20.44,21.0,1.5
464,Provost,0,CA,1552880545,73,52.35,-110.26,1.17,4.45
465,Roald,92,NO,1552880404,74,62.58,6.12,3.0,11.8
466,Aksu,0,KZ,1552878000,92,52.04,76.93,-9.0,4.0
467,Korostyshiv,0,UA,1552880546,90,50.32,29.06,2.92,5.0
468,Dingle,8,PH,1552880546,59,11.0,122.67,29.17,7.5
469,Ngunguru,64,NZ,1552880287,74,-35.62,174.5,22.22,3.58
470,Oxbow,1,CA,1552879834,92,49.23,-102.17,-4.0,3.6
471,Porto Nacional,20,BR,1552878000,100,-10.7,-48.41,24.0,1.0
472,Amalapuram,0,IN,1552878000,58,16.58,82.0,30.0,3.6
473,Gorodishche,64,RU,1552880547,96,53.27,45.7,-2.38,1.15
474,Los Llanos de Aridane,56,ES,1552880461,68,28.66,-17.92,18.0,6.7
475,Huntsville,1,US,1552880203,65,34.73,-86.59,11.0,2.1
476,Kirakira,44,SB,1552880548,100,-10.46,161.92,28.77,5.05
477,Tamworth,48,AU,1552879864,42,-31.09,150.93,27.0,3.6
478,Mastung,92,PK,1552880548,80,29.8,66.85,8.47,2.2
479,Sibu,75,MY,1552878000,70,2.29,111.83,30.0,2.6
480,Camacari,20,BR,1552878000,79,-12.7,-38.32,29.0,5.1
481,Megion,0,RU,1552878000,84,61.04,76.11,-14.0,2.0
482,Lompoc,1,US,1552880439,62,34.64,-120.46,18.0,1.5
483,Ixtapa,75,MX,1552880409,88,20.71,-105.21,23.0,1.0
484,Moen,12,NO,1552877400,62,69.13,18.61,-6.0,12.3
485,Yuksekova,75,TR,1552878000,93,37.57,44.29,1.0,0.45
486,Mount Gambier,12,AU,1552878000,42,-37.83,140.78,27.0,2.6
487,Podgorodnyaya Pokrovka,40,RU,1552878000,58,51.83,54.99,-1.0,8.0
488,Businga,12,CD,1552880550,97,3.34,20.89,20.92,1.3
489,Aplahoue,8,BJ,1552880550,83,6.93,1.68,25.17,2.25
490,Lucapa,0,AO,1552880551,91,-8.42,20.74,20.17,1.2
491,Canakkale,0,TR,1552877400,100,40.15,26.41,6.11,1.5
492,Henties Bay,20,NA,1552878132,96,-22.12,14.28,15.56,2.24
493,Grand-Santi,0,GF,1552880552,68,4.27,-54.38,24.17,1.95
494,Verkhnetulomskiy,75,RU,1552878000,92,68.61,31.8,-3.0,2.0
495,Coxim,20,BR,1552880552,82,-18.5,-54.75,24.92,1.3
496,Faya,0,SA,1552878000,46,18.39,42.45,13.0,1.05
497,Zhenlai,0,CN,1552880309,42,45.84,123.2,13.33,3.13
498,Usuki,0,JP,1552880539,62,33.11,131.8,13.33,2.1
499,Hami,0,CN,1552880553,47,42.84,93.51,10.32,3.45
500,Bridgetown,5,CA,1552879897,45,44.84,-65.29,-2.22,5.7
501,Timbuktu,0,ML,1552880553,31,16.77,-3.01,20.12,2.1
502,Tevriz,44,RU,1552880554,69,57.51,72.4,-12.33,1.3
503,Ketchikan,90,US,1552877760,93,55.34,-131.65,8.0,6.7
504,Kichera,0,RU,1552880554,74,55.93,110.1,-4.13,1.75
505,Cuamba,32,MZ,1552880554,84,-14.8,36.54,20.77,2.15
506,Itupiranga,0,BR,1552878000,100,-5.13,-49.33,24.0,2.65
507,Adamov,0,CZ,1552880524,75,49.3,16.66,7.22,4.6
508,Urubicha,0,BO,1552880555,78,-15.63,-63.08,26.57,1.65
509,Coihaique,0,CL,1552878000,87,-45.58,-72.07,5.0,9.3
510,Abilene,1,US,1552880231,34,32.45,-99.73,12.0,3.2
511,Port Hardy,5,CA,1552878000,81,50.7,-127.42,9.0,1.3
512,Kharan,92,PK,1552880556,44,28.58,65.42,14.72,3.3
513,Hay River,20,CA,1552878000,45,60.82,-115.79,7.0,3.6
514,Batagay-Alyta,12,RU,1552880556,64,67.8,130.41,-23.38,1.85
515,Vestmannaeyjar,92,IS,1552880556,96,63.44,-20.27,5.52,5.85
516,Kulhudhuffushi,76,MV,1552880556,100,6.62,73.07,28.82,2.45
517,Takoradi,24,GH,1552880557,100,4.89,-1.75,27.47,2.85
518,Rurrenabaque,12,BO,1552880557,89,-14.44,-67.53,22.52,1.05
519,Alyangula,40,AU,1552878000,70,-13.85,136.42,32.0,3.1
520,San Gavino Monreale,40,IT,1552879813,93,39.55,8.79,10.0,2.1
521,Lensk,0,RU,1552880558,60,60.71,114.91,-11.18,1.6
522,Sarakhs,92,TM,1552878000,71,36.54,61.16,13.0,4.1
523,Hoshangabad,0,IN,1552880558,81,22.75,77.72,18.27,2.0
524,Weatherford,1,US,1552880248,35,32.76,-97.8,14.0,2.6
525,Deputatskiy,8,RU,1552880558,67,69.3,139.9,-23.73,1.75
526,Teya,75,MX,1552879845,74,21.05,-89.07,26.11,3.1
527,Mayumba,92,GA,1552880559,100,-3.44,10.65,26.47,0.7
528,Nakhon Thai,56,TH,1552878000,55,17.1,100.84,32.0,2.1
529,Kamaishi,75,JP,1552878000,34,39.28,141.86,10.0,3.6
530,Hemnesberget,76,NO,1552880559,76,66.23,13.61,-7.23,1.2
531,Port Hawkesbury,75,CA,1552880459,62,45.62,-61.36,-3.33,3.1
532,Qandala,0,SO,1552880560,92,11.47,49.87,17.52,1.4
533,Banska Bystrica,90,SK,1552880408,87,48.74,19.15,6.11,2.6
534,Bosaso,0,SO,1552880560,100,11.28,49.18,24.42,2.05
535,Piedade,36,BR,1552880475,96,-23.71,-47.43,25.0,0.95
536,Lebu,20,ET,1552878000,71,8.96,38.73,13.0,2.1
537,Simpang,75,MY,1552878000,62,4.82,100.71,32.0,2.6
538,Maniitsoq,76,GL,1552880500,92,65.42,-52.9,-10.78,4.9
539,Tynda,0,RU,1552880562,51,55.15,124.74,-4.58,4.45
540,Tari,32,NG,1552880562,25,12.41,4.49,23.62,4.45
541,Puerto Madryn,8,AR,1552880562,80,-42.77,-65.04,17.27,5.3
542,Rawson,0,AR,1552880562,54,-43.3,-65.11,13.82,5.95
543,Porto Novo,75,BR,1552878000,100,-23.68,-45.44,22.0,0.5
544,Alta Floresta,48,BR,1552880563,95,-9.87,-56.08,22.62,1.05
545,Fairbanks,90,US,1552880446,42,64.84,-147.72,8.0,4.6
546,Aswan,0,EG,1552880563,76,24.09,32.9,9.12,3.05
547,Lambare,75,PY,1552878000,100,-25.35,-57.61,22.0,2.1
548,Terra Santa,0,BR,1552880564,80,-2.1,-56.49,26.67,1.5
549,Horn,90,AT,1552880560,80,48.66,15.66,7.22,6.2
550,Mama,75,MX,1552879845,74,20.48,-89.36,26.11,3.1
551,Broome,8,GB,1552880505,93,52.47,1.45,4.44,4.1
552,Skarnes,75,NO,1552880408,86,60.25,11.68,1.11,8.7
553,Kununurra,0,AU,1552878000,47,-15.77,128.74,35.0,3.1
554,Zhigansk,0,RU,1552880565,56,66.77,123.37,-20.88,3.3
555,Ponta Delgada,20,PT,1552880554,82,37.73,-25.67,15.0,2.6
556,Hamilton,90,BM,1552880326,100,32.3,-64.78,17.0,3.6
557,Yerbogachen,0,RU,1552880566,69,61.28,108.01,-7.83,1.7
558,Khor,64,RU,1552880566,51,47.88,134.96,8.27,6.45
559,Bani Walid,0,LY,1552880566,64,31.76,14.0,5.72,1.2
560,Ordynskoye,44,RU,1552880567,87,54.37,81.9,-7.98,1.4
561,Moose Factory,1,CA,1552878000,64,51.26,-80.61,-17.0,2.6
562,Tamiahua,88,MX,1552880567,100,21.28,-97.45,17.47,7.75
563,Lorengau,48,PG,1552880567,100,-2.02,147.27,27.62,3.85
564,Kozyatyn,0,UA,1552878000,64,49.71,28.83,4.0,5.0
565,Eusebio,0,BR,1552879690,83,-3.89,-38.45,27.0,0.5
